uid,tag,key,time,did,value,metric,last_modify
47675629,weekly_statistics,update_hlthcenter_records,1762704000,default_did,,0,1762871772
47675629,weekly_statistics,update_hlthcenter_records,1762099200,default_did,,0,1762752862
47675629,weekly_statistics,start_calculate,1762099200,default_did,,0,1762752863
47675629,weekly_statistics,fitness_report,1762099200,default_did,"{""sports_value"":{""running"":{""field_type"":""int_value"",""field_unit"":""metre"",""int_value"":6621}},""sports_duration"":{""field_type"":""int_value"",""field_unit"":""sec"",""int_value"":14218},""sports_hr_max"":175,""sport_times"":3,""sport_times_diff"":0,""sport_days"":3,""sport_days_diff"":0,""steps_summary"":{""field_type"":""int_value"",""field_unit"":""step"",""int_value"":40498},""step_goal_achieve"":3,""calorie_summary"":{""field_type"":""int_value"",""field_unit"":""kcal"",""int_value"":4215},""cal_goal_achieve"":4,""rank_percent_summary"":{""1"":0.51,""2"":0.77},""all_fitness_goal_achieved_count"":1,""allFitnessGoalAchivevedDay"":{""1762214400"":true},""all_fitness_goal_achieved_count_diff"":0,""avg_achieved_fitness_goal_summary"":{""1762099200"":{""1"":{""field_type"":""int_value"",""field_unit"":""step"",""int_value"":5785},""2"":{""field_type"":""int_value"",""field_unit"":""kcal"",""int_value"":602},""3"":{""field_type"":""int_value"",""field_unit"":""1"",""int_value"":9},""4"":{""field_type"":""int_value"",""field_unit"":""min"",""int_value"":22}}},""sleep_report"":{""avg_sleep_score"":69,""max_sleep_score"":78,""avg_sleep_duration"":515,""avg_deep_sleep_duration"":122,""avg_deep_sleep_rate"":24,""sleep_stage"":2,""sleep_evaluation"":3,""week_lastest_bed_time"":1762666920,""week_lastest_bed_time_zone"":-5,""week_earliest_wake_up_time"":1762157700,""week_earliest_wake_up_zone"":-5},""hlth_status"":{""avg_rhr"":61,""max_hr"":172,""avg_stress"":39,""max_stress"":47},""version"":1}",0,1762752863
47675629,weekly_statistics,update_hlthcenter_records,1761494400,default_did,,0,1762164099
47675629,weekly_statistics,start_calculate,1761494400,default_did,,0,1762164099
47675629,weekly_statistics,fitness_report,1761494400,default_did,"{""sport_times"":0,""sport_times_diff"":0,""sport_days"":0,""sport_days_diff"":0,""steps_summary"":{""field_type"":""int_value"",""field_unit"":""step"",""int_value"":33499},""step_goal_achieve"":2,""calorie_summary"":{""field_type"":""int_value"",""field_unit"":""kcal"",""int_value"":3966},""cal_goal_achieve"":4,""rank_percent_summary"":{""1"":0.38,""2"":0.73},""all_fitness_goal_achieved_count"":1,""allFitnessGoalAchivevedDay"":{""1761609600"":true},""all_fitness_goal_achieved_count_diff"":0,""avg_achieved_fitness_goal_summary"":{""1761494400"":{""1"":{""field_type"":""int_value"",""field_unit"":""step"",""int_value"":4785},""2"":{""field_type"":""int_value"",""field_unit"":""kcal"",""int_value"":566},""3"":{""field_type"":""int_value"",""field_unit"":""1"",""int_value"":10},""4"":{""field_type"":""int_value"",""field_unit"":""min"",""int_value"":11}}},""sleep_report"":{""avg_sleep_score"":57,""max_sleep_score"":65,""avg_sleep_duration"":411,""avg_deep_sleep_duration"":108,""avg_deep_sleep_rate"":22,""sleep_stage"":1,""sleep_evaluation"":3,""week_lastest_bed_time"":1761631680,""week_lastest_bed_time_zone"":-4,""week_earliest_wake_up_time"":1761650580,""week_earliest_wake_up_zone"":-4},""hlth_status"":{""avg_rhr"":62,""max_hr"":167},""version"":1}",0,1762164099
47675629,weekly_statistics,update_hlthcenter_records,1760889600,default_did,,0,1761541205
47675629,weekly_statistics,start_calculate,1760889600,default_did,,0,1761541205
47675629,weekly_statistics,fitness_report,1760889600,default_did,"{""sports_value"":{""running"":{""field_type"":""int_value"",""field_unit"":""metre"",""int_value"":6749}},""sports_duration"":{""field_type"":""int_value"",""field_unit"":""sec"",""int_value"":3560},""sports_hr_max"":173,""sport_times"":2,""sport_times_diff"":0,""sport_days"":2,""sport_days_diff"":0,""steps_summary"":{""field_type"":""int_value"",""field_unit"":""step"",""int_value"":50098},""step_goal_achieve"":4,""calorie_summary"":{""field_type"":""int_value"",""field_unit"":""kcal"",""int_value"":5015},""cal_goal_achieve"":6,""rank_percent_summary"":{""1"":0.65,""2"":0.85},""all_fitness_goal_achieved_count"":3,""allFitnessGoalAchivevedDay"":{""1760918400"":true,""1761264000"":true,""1761436800"":true},""all_fitness_goal_achieved_count_diff"":0,""avg_achieved_fitness_goal_summary"":{""1760889600"":{""1"":{""field_type"":""int_value"",""field_unit"":""step"",""int_value"":7156},""2"":{""field_type"":""int_value"",""field_unit"":""kcal"",""int_value"":716},""3"":{""field_type"":""int_value"",""field_unit"":""1"",""int_value"":11},""4"":{""field_type"":""int_value"",""field_unit"":""min"",""int_value"":28}}},""sleep_report"":{""avg_sleep_score"":61,""max_sleep_score"":74,""avg_sleep_duration"":395,""avg_deep_sleep_duration"":95,""avg_deep_sleep_rate"":22,""sleep_stage"":1,""sleep_evaluation"":3,""week_lastest_bed_time"":1761117780,""week_lastest_bed_time_zone"":-4,""week_earliest_wake_up_time"":1760959620,""week_earliest_wake_up_zone"":-4},""hlth_status"":{""avg_rhr"":62,""max_hr"":171},""version"":1}",0,1761541205
47675629,weekly_statistics,update_hlthcenter_records,1760284800,default_did,,0,1760959675
47675629,weekly_statistics,start_calculate,1760284800,default_did,,0,1760959676
47675629,weekly_statistics,fitness_report,1760284800,default_did,"{""sport_times"":0,""sport_times_diff"":0,""sport_days"":0,""sport_days_diff"":0,""steps_summary"":{""field_type"":""int_value"",""field_unit"":""step"",""int_value"":30890},""step_goal_achieve"":2,""calorie_summary"":{""field_type"":""int_value"",""field_unit"":""kcal"",""int_value"":3401},""cal_goal_achieve"":3,""rank_percent_summary"":{""1"":0.37,""2"":0.65},""all_fitness_goal_achieved_count"":0,""allFitnessGoalAchivevedDay"":null,""all_fitness_goal_achieved_count_diff"":0,""avg_achieved_fitness_goal_summary"":{""1760284800"":{""1"":{""field_type"":""int_value"",""field_unit"":""step"",""int_value"":4412},""2"":{""field_type"":""int_value"",""field_unit"":""kcal"",""int_value"":485},""3"":{""field_type"":""int_value"",""field_unit"":""1"",""int_value"":9},""4"":{""field_type"":""int_value"",""field_unit"":""min"",""int_value"":14}}},""sleep_report"":{""avg_sleep_score"":58,""max_sleep_score"":66,""avg_sleep_duration"":370,""avg_deep_sleep_duration"":86,""avg_deep_sleep_rate"":21,""sleep_stage"":1,""sleep_evaluation"":3,""week_lastest_bed_time"":1760770080,""week_lastest_bed_time_zone"":-4,""week_earliest_wake_up_time"":1760870760,""week_earliest_wake_up_zone"":-4},""hlth_status"":{""avg_rhr"":60,""max_hr"":140},""version"":1}",0,1760959676
47675629,weekly_statistics,update_hlthcenter_records,1759680000,default_did,,0,1760328016
47675629,weekly_statistics,start_calculate,1759680000,default_did,,0,1760328018
47675629,weekly_statistics,fitness_report,1759680000,default_did,"{""sports_value"":{""running"":{""field_type"":""int_value"",""field_unit"":""metre"",""int_value"":9691}},""sports_duration"":{""field_type"":""int_value"",""field_unit"":""sec"",""int_value"":5290},""sports_hr_max"":171,""sport_times"":2,""sport_times_diff"":0,""sport_days"":2,""sport_days_diff"":0,""steps_summary"":{""field_type"":""int_value"",""field_unit"":""step"",""int_value"":39198},""step_goal_achieve"":2,""calorie_summary"":{""field_type"":""int_value"",""field_unit"":""kcal"",""int_value"":4854},""cal_goal_achieve"":5,""rank_percent_summary"":{""1"":0.58,""2"":0.86},""all_fitness_goal_achieved_count"":2,""allFitnessGoalAchivevedDay"":{""1759708800"":true,""1760140800"":true},""all_fitness_goal_achieved_count_diff"":0,""avg_achieved_fitness_goal_summary"":{""1759680000"":{""1"":{""field_type"":""int_value"",""field_unit"":""step"",""int_value"":5599},""2"":{""field_type"":""int_value"",""field_unit"":""kcal"",""int_value"":693},""3"":{""field_type"":""int_value"",""field_unit"":""1"",""int_value"":10},""4"":{""field_type"":""int_value"",""field_unit"":""min"",""int_value"":30}}},""sleep_report"":{""avg_sleep_score"":66,""max_sleep_score"":76,""avg_sleep_duration"":449,""avg_deep_sleep_duration"":104,""avg_deep_sleep_rate"":23,""sleep_stage"":2,""sleep_evaluation"":2,""week_lastest_bed_time"":1760163900,""week_lastest_bed_time_zone"":-4,""week_earliest_wake_up_time"":1760093160,""week_earliest_wake_up_zone"":-4},""hlth_status"":{""avg_rhr"":59,""max_hr"":168},""version"":1}",0,1760328018
47675629,weekly_statistics,update_hlthcenter_records,1759075200,default_did,,0,1759724163
47675629,weekly_statistics,start_calculate,1759075200,default_did,,0,1759724163
47675629,weekly_statistics,fitness_report,1759075200,default_did,"{""sports_value"":{""running"":{""field_type"":""int_value"",""field_unit"":""metre"",""int_value"":6041}},""sports_duration"":{""field_type"":""int_value"",""field_unit"":""sec"",""int_value"":2726},""sports_hr_max"":174,""sport_times"":1,""sport_times_diff"":0,""sport_days"":1,""sport_days_diff"":0,""steps_summary"":{""field_type"":""int_value"",""field_unit"":""step"",""int_value"":41484},""step_goal_achieve"":5,""calorie_summary"":{""field_type"":""int_value"",""field_unit"":""kcal"",""int_value"":4173},""cal_goal_achieve"":6,""rank_percent_summary"":{""1"":0.59,""2"":0.76},""all_fitness_goal_achieved_count"":2,""allFitnessGoalAchivevedDay"":{""1759104000"":true,""1759363200"":true},""all_fitness_goal_achieved_count_diff"":0,""avg_achieved_fitness_goal_summary"":{""1759075200"":{""1"":{""field_type"":""int_value"",""field_unit"":""step"",""int_value"":5926},""2"":{""field_type"":""int_value"",""field_unit"":""kcal"",""int_value"":596},""3"":{""field_type"":""int_value"",""field_unit"":""1"",""int_value"":8},""4"":{""field_type"":""int_value"",""field_unit"":""min"",""int_value"":25}}},""sleep_report"":{""avg_sleep_score"":63,""max_sleep_score"":77,""avg_sleep_duration"":518,""avg_deep_sleep_duration"":113,""avg_deep_sleep_rate"":22,""sleep_stage"":2,""sleep_evaluation"":3,""week_lastest_bed_time"":1759556460,""week_lastest_bed_time_zone"":-4,""week_earliest_wake_up_time"":1759317600,""week_earliest_wake_up_zone"":-4},""hlth_status"":{""avg_rhr"":60,""max_hr"":171},""version"":1}",0,1759724163
47675629,weekly_statistics,update_hlthcenter_records,1758470400,default_did,,0,1759157134
47675629,weekly_statistics,start_calculate,1758470400,default_did,,0,1759157134
47675629,weekly_statistics,fitness_report,1758470400,default_did,"{""sports_value"":{""running"":{""field_type"":""int_value"",""field_unit"":""metre"",""int_value"":3835}},""sports_duration"":{""field_type"":""int_value"",""field_unit"":""sec"",""int_value"":2212},""sports_hr_max"":172,""sport_times"":1,""sport_times_diff"":0,""sport_days"":1,""sport_days_diff"":0,""steps_summary"":{""field_type"":""int_value"",""field_unit"":""step"",""int_value"":37083},""step_goal_achieve"":3,""calorie_summary"":{""field_type"":""int_value"",""field_unit"":""kcal"",""int_value"":3325},""cal_goal_achieve"":2,""rank_percent_summary"":{""1"":0.46,""2"":0.65},""all_fitness_goal_achieved_count"":1,""allFitnessGoalAchivevedDay"":{""1758844800"":true},""all_fitness_goal_achieved_count_diff"":0,""avg_achieved_fitness_goal_summary"":{""1758470400"":{""1"":{""field_type"":""int_value"",""field_unit"":""step"",""int_value"":6180},""2"":{""field_type"":""int_value"",""field_unit"":""kcal"",""int_value"":554},""3"":{""field_type"":""int_value"",""field_unit"":""1"",""int_value"":10},""4"":{""field_type"":""int_value"",""field_unit"":""min"",""int_value"":22}}},""sleep_report"":{""avg_sleep_score"":69,""max_sleep_score"":74,""avg_sleep_duration"":482,""avg_deep_sleep_duration"":112,""avg_deep_sleep_rate"":23,""sleep_stage"":2,""sleep_evaluation"":2,""week_lastest_bed_time"":1759035300,""week_lastest_bed_time_zone"":-4,""week_earliest_wake_up_time"":1758538380,""week_earliest_wake_up_zone"":-4},""hlth_status"":{""avg_rhr"":64,""max_hr"":169},""version"":1}",0,1759157134
47675629,weekly_statistics,update_hlthcenter_records,1757865600,default_did,,0,1759157134
47675629,weekly_statistics,update_hlthcenter_records,1757260800,default_did,,0,1757928583
47675629,weekly_statistics,start_calculate,1757260800,default_did,,0,1757928583
47675629,weekly_statistics,fitness_report,1757260800,default_did,"{""sports_value"":{""running"":{""field_type"":""int_value"",""field_unit"":""metre"",""int_value"":17336}},""sports_duration"":{""field_type"":""int_value"",""field_unit"":""sec"",""int_value"":9308},""sports_hr_max"":176,""sport_times"":4,""sport_times_diff"":0,""sport_days"":3,""sport_days_diff"":0,""steps_summary"":{""field_type"":""int_value"",""field_unit"":""step"",""int_value"":67455},""step_goal_achieve"":7,""calorie_summary"":{""field_type"":""int_value"",""field_unit"":""kcal"",""int_value"":5184},""cal_goal_achieve"":6,""rank_percent_summary"":{""1"":0.85,""2"":0.88},""all_fitness_goal_achieved_count"":5,""allFitnessGoalAchivevedDay"":{""1757376000"":true,""1757462400"":true,""1757548800"":true,""1757721600"":true,""1757808000"":true},""all_fitness_goal_achieved_count_diff"":0,""avg_achieved_fitness_goal_summary"":{""1757260800"":{""1"":{""field_type"":""int_value"",""field_unit"":""step"",""int_value"":9636},""2"":{""field_type"":""int_value"",""field_unit"":""kcal"",""int_value"":740},""3"":{""field_type"":""int_value"",""field_unit"":""1"",""int_value"":9},""4"":{""field_type"":""int_value"",""field_unit"":""min"",""int_value"":50}}},""sleep_report"":{""avg_sleep_score"":62,""max_sleep_score"":71,""avg_sleep_duration"":542,""avg_deep_sleep_duration"":122,""avg_deep_sleep_rate"":22,""sleep_stage"":2,""sleep_evaluation"":3,""week_lastest_bed_time"":1757650740,""week_lastest_bed_time_zone"":-4,""week_earliest_wake_up_time"":1757665920,""week_earliest_wake_up_zone"":-4},""hlth_status"":{""avg_rhr"":64,""max_hr"":186},""version"":1}",0,1757928583
47675629,weekly_statistics,update_hlthcenter_records,1756656000,default_did,,0,1757305434
47675629,weekly_statistics,start_calculate,1756656000,default_did,,0,1757305434
47675629,weekly_statistics,fitness_report,1756656000,default_did,"{""sports_value"":{""running"":{""field_type"":""int_value"",""field_unit"":""metre"",""int_value"":9605}},""sports_duration"":{""field_type"":""int_value"",""field_unit"":""sec"",""int_value"":9990},""sports_hr_max"":182,""sport_times"":4,""sport_times_diff"":0,""sport_days"":2,""sport_days_diff"":0,""steps_summary"":{""field_type"":""int_value"",""field_unit"":""step"",""int_value"":73877},""step_goal_achieve"":5,""calorie_summary"":{""field_type"":""int_value"",""field_unit"":""kcal"",""int_value"":5606},""cal_goal_achieve"":6,""rank_percent_summary"":{""1"":0.9,""2"":0.9},""all_fitness_goal_achieved_count"":4,""allFitnessGoalAchivevedDay"":{""1756684800"":true,""1756771200"":true,""1756857600"":true,""1757116800"":true},""all_fitness_goal_achieved_count_diff"":0,""avg_achieved_fitness_goal_summary"":{""1756656000"":{""1"":{""field_type"":""int_value"",""field_unit"":""step"",""int_value"":10553},""2"":{""field_type"":""int_value"",""field_unit"":""kcal"",""int_value"":800},""3"":{""field_type"":""int_value"",""field_unit"":""1"",""int_value"":10},""4"":{""field_type"":""int_value"",""field_unit"":""min"",""int_value"":45}}},""sleep_report"":{""avg_sleep_score"":59,""max_sleep_score"":68,""avg_sleep_duration"":426,""avg_deep_sleep_duration"":108,""avg_deep_sleep_rate"":23,""sleep_stage"":1,""sleep_evaluation"":3,""week_lastest_bed_time"":1757139900,""week_lastest_bed_time_zone"":-4,""week_earliest_wake_up_time"":1756942140,""week_earliest_wake_up_zone"":3},""hlth_status"":{""avg_rhr"":64,""max_hr"":181,""avg_stress"":31,""max_stress"":31},""version"":1}",0,1757305434
47675629,weekly_statistics,update_hlthcenter_records,1756051200,default_did,,0,1757101159
47675629,weekly_statistics,start_calculate,1756051200,default_did,,0,1757101159
47675629,weekly_statistics,fitness_report,1756051200,default_did,"{""sports_value"":{""running"":{""field_type"":""int_value"",""field_unit"":""metre"",""int_value"":27630}},""sports_duration"":{""field_type"":""int_value"",""field_unit"":""sec"",""int_value"":13949},""sports_hr_max"":157,""sport_times"":5,""sport_times_diff"":0,""sport_days"":5,""sport_days_diff"":0,""steps_summary"":{""field_type"":""int_value"",""field_unit"":""step"",""int_value"":54252},""step_goal_achieve"":5,""calorie_summary"":{""field_type"":""int_value"",""field_unit"":""kcal"",""int_value"":3071},""cal_goal_achieve"":4,""rank_percent_summary"":{""1"":0.79,""2"":0.72},""all_fitness_goal_achieved_count"":2,""allFitnessGoalAchivevedDay"":{""1756425600"":true,""1756512000"":true},""all_fitness_goal_achieved_count_diff"":0,""avg_achieved_fitness_goal_summary"":{""1756051200"":{""1"":{""field_type"":""int_value"",""field_unit"":""step"",""int_value"":9042},""2"":{""field_type"":""int_value"",""field_unit"":""kcal"",""int_value"":511},""3"":{""field_type"":""int_value"",""field_unit"":""1"",""int_value"":6},""4"":{""field_type"":""int_value"",""field_unit"":""min"",""int_value"":30}}},""sleep_report"":{""avg_sleep_score"":61,""max_sleep_score"":77,""avg_sleep_duration"":364,""avg_deep_sleep_duration"":86,""avg_deep_sleep_rate"":20,""sleep_stage"":3,""sleep_evaluation"":1,""week_lastest_bed_time"":1756232220,""week_lastest_bed_time_zone"":8,""week_earliest_wake_up_time"":1756419360,""week_earliest_wake_up_zone"":8},""hlth_status"":{""avg_rhr"":62,""max_hr"":154,""avg_stress"":34,""max_stress"":34},""version"":1}",0,1757101159
47675629,weekly_statistics,start_calculate,1755446400,default_did,,0,1756197190
47675629,weekly_statistics,fitness_report,1755446400,default_did,"{""sport_times"":0,""sport_times_diff"":0,""sport_days"":0,""sport_days_diff"":0,""rank_percent_summary"":{""1"":0,""2"":0},""all_fitness_goal_achieved_count"":0,""allFitnessGoalAchivevedDay"":null,""all_fitness_goal_achieved_count_diff"":0,""avg_achieved_fitness_goal_summary"":{""1755446400"":null},""version"":1}",0,1756197190
47675629,weekly_statistics,update_hlthcenter_records,1754236800,default_did,,0,1754715021
47675629,weekly_statistics,start_calculate,1753632000,default_did,,0,1754656637
47675629,object_name,2025/11/10/47675629/786882759_191000.CMgRaewg_S2qTTXqpIquOfnGH6UaQCbE5368,1762773000,786882759,6jpdm85ALMI-T5OLEIOtgQ==,0,1762798993
47675629,object_name,2025/11/10/47675629/786882759_021000.-NgQaewg_S2qTTXqpIquOfnGH6UaQCbE5368,1762711800,786882759,_1o77aiQHhNkLDzrRhKfOg==,0,1762755231
47675629,object_name,2025/11/09/47675629/786882759_223900.hKcQaewg_S2qTTXqpIquOfnGH6UaQCbE5368,1762699140,786882759,FimOQzStUHFuiPEpl4n_ag==,0,1762754404
47675629,object_name,2025/11/09/47675629/786882759_065900.NMsPaewg_S2qTTXqpIquOfnGH6UaQCbE5368,1762642740,786882759,_UitaVnJA8eKSgxuF8rYqw==,0,1762752867
47675629,object_name,2025/11/09/47675629/786882759_011430.dnoPaeza_S2qTTXqpIquOfnGH6UaQCbE5368,1762622070,786882759,l5Pv9RjIS1NVRqQrzrrK-w==,0,1762630976
47675629,object_name,2025/11/09/47675629/786882759_011430.dnoPaezY_S2qTTXqpIquOfnGH6UaQCbE5368,1762622070,786882759,S5foZdGl64X9CBS5lO71dw==,0,1762630972
47675629,object_name,2025/11/08/47675629/786882759_205400.aD0Paewg_S2qTTXqpIquOfnGH6UaQCbE5368,1762606440,786882759,yk4e7fqgFwWe0HV6BYxElg==,0,1762664424
47675629,object_name,2025/11/08/47675629/786882759_041138.elIOaeza_S2qTTXqpIquOfnGH6UaQCbE5368,1762546298,786882759,z9doyBftv4DVW-DC5erRzA==,0,1762552411
47675629,object_name,2025/11/08/47675629/786882759_041138.elIOaezY_S2qTTXqpIquOfnGH6UaQCbE5368,1762546298,786882759,QXWV-1yOZiSzKLnWrf6OLg==,0,1762552407
47675629,object_name,2025/11/08/47675629/786882759_040100._E8Oaewg_S2qTTXqpIquOfnGH6UaQCbE5368,1762545660,786882759,H3VyCEA0nPnLT7-RYEve6Q==,0,1762605582
47675629,object_name,2025/11/07/47675629/786882759_204300.VOkNaewg_S2qTTXqpIquOfnGH6UaQCbE5368,1762519380,786882759,-PermEvLR9lBUcscWhnQwQ==,0,1762601983
47675629,object_name,2025/11/06/47675629/786882759_204900.PJkMaewg_S2qTTXqpIquOfnGH6UaQCbE5368,1762433340,786882759,YPwTaKG7fcflxWj-PaMGeg==,0,1762505377
47675629,object_name,2025/11/06/47675629/786882759_162200.qFoMaewg_S2qTTXqpIquOfnGH6UaQCbE5368,1762417320,786882759,7mamUde0nF7iTolGVx7ytQ==,0,1762503622
47675629,object_name,2025/11/05/47675629/786882759_203200.wEMLaewg_S2qTTXqpIquOfnGH6UaQCbE5368,1762345920,786882759,tjfelWNSxZKVwLcTkLQstg==,0,1762408766
47675629,object_name,2025/11/04/47675629/786882759_221247.3wkKaeza_S2qTTXqpIquOfnGH6UaQCbE5368,1762265567,786882759,P0lTgngcIixZi1e5mxARNg==,0,1762272034
47675629,object_name,2025/11/04/47675629/786882759_221247.3wkKaezY_S2qTTXqpIquOfnGH6UaQCbE5368,1762265567,786882759,QVIlAgEp7lEvqDz5ij7gMw==,0,1762279940
47675629,object_name,2025/11/04/47675629/786882759_203800.qPMJaewg_S2qTTXqpIquOfnGH6UaQCbE5368,1762259880,786882759,knPfAOWN8RubgJCW77X51A==,0,1762347558
47675629,object_name,2025/11/03/47675629/786882759_161500.hGQIaewg_S2qTTXqpIquOfnGH6UaQCbE5368,1762157700,786882759,e5d5dAvUwbKbi0TAuWLwmA==,0,1762233702
47675629,object_name,2025/11/03/47675629/786882759_024100.vKUHaewg_S2qTTXqpIquOfnGH6UaQCbE5368,1762108860,786882759,_zU2h69W87cLFlj6-IH1lA==,0,1762164059
47675629,object_name,2025/11/02/47675629/786882759_003400.eDYGafAg_S2qTTXqpIquOfnGH6UaQCbE5368,1762014840,786882759,bYeuJypyQML9B-gTQW6-Sg==,0,1762077603
47675629,object_name,2025/11/01/47675629/786882759_220900.fBQGafAg_S2qTTXqpIquOfnGH6UaQCbE5368,1762006140,786882759,fUPwdH6xQY38Hil7T1mMgw==,0,1762090977
47675629,object_name,2025/10/30/47675629/786882759_194500.vE8DafAg_S2qTTXqpIquOfnGH6UaQCbE5368,1761824700,786882759,_ld7szCqkuaBNFz2RzzNXA==,0,1761885044
47675629,object_name,2025/10/29/47675629/786882759_192800.QPoBafAg_S2qTTXqpIquOfnGH6UaQCbE5368,1761737280,786882759,e216t71f1DS7_vNfZYQwUA==,0,1761803670
47675629,object_name,2025/10/28/47675629/786882759_192300.lKcAafAg_S2qTTXqpIquOfnGH6UaQCbE5368,1761650580,786882759,xArk1NG4CtWjUcla4Y3Lgg==,0,1761712039
47675629,object_name,2025/10/27/47675629/786882759_193500.5Fj_aPAg_S2qTTXqpIquOfnGH6UaQCbE5368,1761564900,786882759,-T0ke8miGbVXz__zjZzzug==,0,1761627682
47675629,object_name,2025/10/27/47675629/786882759_055100.xJf-aPAg_S2qTTXqpIquOfnGH6UaQCbE5368,1761515460,786882759,MWEzicDJbPcHnuqcBcPmSA==,0,1761553209
47675629,object_name,2025/10/27/47675629/786882759_011720.oFf-aPDa_S2qTTXqpIquOfnGH6UaQCbE5368,1761499040,786882759,qMl8VcScUbAYFEJpKXD9rg==,0,1761501632
47675629,object_name,2025/10/27/47675629/786882759_011720.oFf-aPDY_S2qTTXqpIquOfnGH6UaQCbE5368,1761499040,786882759,OKTZdSYUso4Fxoee-3BtRg==,0,1761501621
47675629,object_name,2025/10/26/47675629/786882759_214000.sCT-aPAg_S2qTTXqpIquOfnGH6UaQCbE5368,1761486000,786882759,Kt2LlT-bjo5YIcYUHnhUow==,0,1761551415
47675629,object_name,2025/10/26/47675629/786882759_080700.JGb9aPAg_S2qTTXqpIquOfnGH6UaQCbE5368,1761437220,786882759,n3PhB1OFBYQdzeG1lUZ5ng==,0,1761488944
47675629,object_name,2025/10/25/47675629/786882759_212100.vM78aPAg_S2qTTXqpIquOfnGH6UaQCbE5368,1761398460,786882759,zKfnYzXkMjZexW6DpVYtkQ==,0,1761487840
47675629,object_name,2025/10/25/47675629/786882759_062100.zPv7aPAg_S2qTTXqpIquOfnGH6UaQCbE5368,1761344460,786882759,AlXJQbVhcwkgQ1gSXKulVg==,0,1761366945
47675629,object_name,2025/10/24/47675629/786882759_194200.CGb7aPAg_S2qTTXqpIquOfnGH6UaQCbE5368,1761306120,786882759,5rkP9sCHy10L-2Wh9TyaMg==,0,1761367963
47675629,object_name,2025/10/23/47675629/786882759_223000.6Dv6aPAg_S2qTTXqpIquOfnGH6UaQCbE5368,1761229800,786882759,Xb2ixt7GzzyccoI681qAtQ==,0,1761283382
47675629,object_name,2025/10/23/47675629/786882759_003000.iAb5aPAg_S2qTTXqpIquOfnGH6UaQCbE5368,1761150600,786882759,G2h1OOWNI7coPp2UqxQH_w==,0,1761203357
47675629,object_name,2025/10/22/47675629/786882759_193500.ZMH4aPAg_S2qTTXqpIquOfnGH6UaQCbE5368,1761132900,786882759,rLz7SrCSwC9ZogCxXHaaGw==,0,1761202867
47675629,object_name,2025/10/22/47675629/786882759_020100.XMr3aPAg_S2qTTXqpIquOfnGH6UaQCbE5368,1761069660,786882759,VWrJ-kZ9hEq9Irn0O_WGkQ==,0,1761154043
47675629,object_name,2025/10/21/47675629/786882759_192900.fG73aPAg_S2qTTXqpIquOfnGH6UaQCbE5368,1761046140,786882759,1CP-1BYrXVAcx04r1AMZgw==,0,1761150446
47675629,object_name,2025/10/20/47675629/786882759_212149.bTf2aPDa_S2qTTXqpIquOfnGH6UaQCbE5368,1760966509,786882759,-4hBxKhqBjrzdgexJxstUQ==,0,1760973799
47675629,object_name,2025/10/20/47675629/786882759_212149.bTf2aPDY_S2qTTXqpIquOfnGH6UaQCbE5368,1760966509,786882759,PkuuhFhAhepVBGqGL51CkQ==,0,1760973794
47675629,object_name,2025/10/20/47675629/786882759_192700.hBz2aPAg_S2qTTXqpIquOfnGH6UaQCbE5368,1760959620,786882759,Oj9ZxdkphunlKDDHxnFk-g==,0,1761020235
47675629,object_name,2025/10/20/47675629/786882759_083900.pIT1aPAg_S2qTTXqpIquOfnGH6UaQCbE5368,1760920740,786882759,jVAex6c2cI0tpILcngtucg==,0,1760963440
47675629,object_name,2025/10/19/47675629/786882759_231900.ZAH1aPAg_S2qTTXqpIquOfnGH6UaQCbE5368,1760887140,786882759,61hBnn-k679GWAI3pCWDnA==,0,1760961616
47675629,object_name,2025/10/19/47675629/786882759_184600.aMH0aPAg_S2qTTXqpIquOfnGH6UaQCbE5368,1760870760,786882759,OYKaTyrqOC_exKiunGG0xw==,0,1760963449
47675629,object_name,2025/10/18/47675629/786882759_195500.FIDzaPAg_S2qTTXqpIquOfnGH6UaQCbE5368,1760788500,786882759,JcZo9ekB49KbrLOxJzZ2qQ==,0,1760905846
47675629,object_name,2025/10/17/47675629/786882759_232000.oF7yaPAg_S2qTTXqpIquOfnGH6UaQCbE5368,1760714400,786882759,8qe4yxjIRL-faGFYaRqTBA==,0,1760798646
47675629,object_name,2025/10/17/47675629/786882759_193800.mCryaPAg_S2qTTXqpIquOfnGH6UaQCbE5368,1760701080,786882759,3mr2kJfQhb7p-QrXwpOqKw==,0,1760799283
47675629,object_name,2025/10/15/47675629/786882759_193500.5IbvaPAg_S2qTTXqpIquOfnGH6UaQCbE5368,1760528100,786882759,ViSdbUj0f5-Df2Q7zwGZqQ==,0,1760587432
47675629,object_name,2025/10/14/47675629/786882759_193500.ZDXuaPAg_S2qTTXqpIquOfnGH6UaQCbE5368,1760441700,786882759,GfiIyth8-bWWCvbzv9pSBw==,0,1760504406
47675629,object_name,2025/10/13/47675629/786882759_195600.0OjsaPAg_S2qTTXqpIquOfnGH6UaQCbE5368,1760356560,786882759,cVHIKPFZOgGbik2l0ociaA==,0,1760415224
47675629,object_name,2025/10/12/47675629/786882759_224200.OL7raPAg_S2qTTXqpIquOfnGH6UaQCbE5368,1760280120,786882759,gukDeG4-fsgZyWZ-RXtVhg==,0,1760328703
47675629,object_name,2025/10/12/47675629/786882759_064200.ON3qaPAg_S2qTTXqpIquOfnGH6UaQCbE5368,1760222520,786882759,gp0_Ea3LIhy0fM99P1BJZQ==,0,1760242486
47675629,object_name,2025/10/12/47675629/786882759_021413.dZ7qaPCM_S2qTTXqpIquOfnGH6UaQCbE5368,1760206453,786882759,_sDBEJHLpbbUASxxfttV8Q==,0,1760209031
47675629,object_name,2025/10/11/47675629/786882759_223300.nGrqaPAg_S2qTTXqpIquOfnGH6UaQCbE5368,1760193180,786882759,eqFQWnOpnOeV0q30MFVuBg==,0,1760245207
47675629,object_name,2025/10/10/47675629/786882759_184600.6OPoaPAg_S2qTTXqpIquOfnGH6UaQCbE5368,1760093160,786882759,PQu-oc-whUypWbEHsZw6mA==,0,1760158814
47675629,object_name,2025/10/09/47675629/786882759_221600.oMPnaPAg_S2qTTXqpIquOfnGH6UaQCbE5368,1760019360,786882759,ZuNyLbj4l6tnrIwMS0jY1Q==,0,1760104350
47675629,object_name,2025/10/09/47675629/786882759_201900.NKjnaPAg_S2qTTXqpIquOfnGH6UaQCbE5368,1760012340,786882759,LGcczQOkZRh4i187oXAZKg==,0,1760106161
47675629,object_name,2025/10/08/47675629/786882759_194700.NE_maPAg_S2qTTXqpIquOfnGH6UaQCbE5368,1759924020,786882759,OWw95BT3zYNB-7AH9_w3iA==,0,1759983682
47675629,object_name,2025/10/07/47675629/786882759_193700.XPvkaPAg_S2qTTXqpIquOfnGH6UaQCbE5368,1759837020,786882759,SFBcmF_NMLv-KS-GJkep8Q==,0,1759898820
47675629,object_name,2025/10/06/47675629/786882759_212750.1sPjaPDa_S2qTTXqpIquOfnGH6UaQCbE5368,1759757270,786882759,pxVCDUOhDHxRHzyf8zav8w==,0,1759761878
47675629,object_name,2025/10/06/47675629/786882759_212750.1sPjaPDY_S2qTTXqpIquOfnGH6UaQCbE5368,1759757270,786882759,t8yZ9GhU9yXGyXwN-f7aaQ==,0,1759761874
47675629,object_name,2025/10/06/47675629/786882759_193500.ZKnjaPAg_S2qTTXqpIquOfnGH6UaQCbE5368,1759750500,786882759,CF5Eh28xVBw0rPz0uC4Wgg==,0,1759840903
47675629,object_name,2025/10/05/47675629/786882759_215200.AHjiaPAg_S2qTTXqpIquOfnGH6UaQCbE5368,1759672320,786882759,Sgzi1dKPSWWaILtri-Rklw==,0,1759725494
47675629,object_name,2025/10/05/47675629/786882759_050300.hIvhaPAg_S2qTTXqpIquOfnGH6UaQCbE5368,1759611780,786882759,89GEA57_NKClg7QzMx3L7w==,0,1759659144
47675629,object_name,2025/10/04/47675629/786882759_195700.jAvhaPAg_S2qTTXqpIquOfnGH6UaQCbE5368,1759579020,786882759,j2cL7t2EH2cFeI8QqwUVBA==,0,1759658483
47675629,object_name,2025/10/03/47675629/786882759_231600.sOjfaPAg_S2qTTXqpIquOfnGH6UaQCbE5368,1759504560,786882759,7d1w5CNZi4weA-qpyBIQoQ==,0,1759554005
47675629,object_name,2025/10/03/47675629/786882759_193600.ILXfaPAg_S2qTTXqpIquOfnGH6UaQCbE5368,1759491360,786882759,i4cg-yOcvJeWtc5zpUjJIQ==,0,1759551553
47675629,object_name,2025/10/02/47675629/786882759_193500.ZGPeaPAg_S2qTTXqpIquOfnGH6UaQCbE5368,1759404900,786882759,LrN18JA1cmFsXrzV3NPuOg==,0,1759466492
47675629,object_name,2025/10/01/47675629/786882759_192000.YA7daPAg_S2qTTXqpIquOfnGH6UaQCbE5368,1759317600,786882759,YDWk5c_lwqm5UyjgwoEz5w==,0,1759386689
47675629,object_name,2025/09/30/47675629/786882759_193900.VMHbaPAg_S2qTTXqpIquOfnGH6UaQCbE5368,1759232340,786882759,oQm80xglQE7qiqt7TZdPpg==,0,1759291249
47675629,object_name,2025/09/29/47675629/786882759_211252.1IXaaPDa_S2qTTXqpIquOfnGH6UaQCbE5368,1759151572,786882759,cxJR-P833x-yjDb__aZ94Q==,0,1759157143
47675629,object_name,2025/09/29/47675629/786882759_211252.1IXaaPDY_S2qTTXqpIquOfnGH6UaQCbE5368,1759151572,786882759,XM7ArrMpyExSLtwvF9ld3g==,0,1759157139
47675629,object_name,2025/09/29/47675629/786882759_195400.WHPaaPAg_S2qTTXqpIquOfnGH6UaQCbE5368,1759146840,786882759,TWMzEHZNyzs19eD_mnrtTQ==,0,1759204814
47675629,object_name,2025/09/28/47675629/786882759_211600.EDXZaPAg_S2qTTXqpIquOfnGH6UaQCbE5368,1759065360,786882759,AJFK_qgthFkIv-U7sxoLyg==,0,1759163256
47675629,object_name,2025/09/27/47675629/786882759_192500.jMnXaPAg_S2qTTXqpIquOfnGH6UaQCbE5368,1758972300,786882759,Z55mWC1xagkH4fS6nO9F7w==,0,1759161617
47675629,object_name,2025/09/26/47675629/786882759_204449.wYrWaPDY_S2qTTXqpIquOfnGH6UaQCbE5368,1758890689,786882759,Z3AFkcH66ERzepKoOI3Glw==,0,1759157135
47675629,object_name,2025/09/26/47675629/786882759_203400.OIjWaPAg_S2qTTXqpIquOfnGH6UaQCbE5368,1758890040,786882759,nPtTexN3qJQXkNPS_XHPIQ==,0,1759160396
47675629,object_name,2025/09/25/47675629/786882759_193100.9CfVaPAg_S2qTTXqpIquOfnGH6UaQCbE5368,1758799860,786882759,cEZOGb5PfMEbelwDA_gw2Q==,0,1759158710
47675629,object_name,2025/09/24/47675629/786882759_192800.wNXTaPAg_S2qTTXqpIquOfnGH6UaQCbE5368,1758713280,786882759,vmycLMD-69naelY0nI5Kyw==,0,1759160214
47675629,object_name,2025/09/23/47675629/786882759_192800.QITSaPAg_S2qTTXqpIquOfnGH6UaQCbE5368,1758626880,786882759,CMKoCbHgDNx3tiM5wsIZtw==,0,1759157146
47675629,object_name,2025/09/22/47675629/786882759_185300.jCrRaPAg_S2qTTXqpIquOfnGH6UaQCbE5368,1758538380,786882759,-RS3ztFBx0nBODcahxnoSA==,0,1759154265
47675629,object_name,2025/09/21/47675629/786882759_235300.XB_QaPDY_S2qTTXqpIquOfnGH6UaQCbE5368,1758469980,786882759,1sdm-2CqlNwR19PwErClCw==,0,1759157141
47675629,object_name,2025/09/18/47675629/786882759_185300.jOTLaPAg_S2qTTXqpIquOfnGH6UaQCbE5368,1758192780,786882759,or7yeysGHj7EWWCwML5jow==,0,1758269142
47675629,object_name,2025/09/17/47675629/786882759_192100.nJnKaPAg_S2qTTXqpIquOfnGH6UaQCbE5368,1758108060,786882759,B9NLosv87Xrz1KdWBcL29Q==,0,1758193213
47675629,object_name,2025/09/16/47675629/786882759_192100.HEjJaPAg_S2qTTXqpIquOfnGH6UaQCbE5368,1758021660,786882759,Eo9jjHceNTwfGIzrty3WJw==,0,1758110432
47675629,object_name,2025/09/15/47675629/786882759_201100.VALIaPAg_S2qTTXqpIquOfnGH6UaQCbE5368,1757938260,786882759,SgopK1dpiSA4QM18X1M9kw==,0,1758025311
47675629,object_name,2025/09/14/47675629/786882759_232813.Dd_GaPDa_S2qTTXqpIquOfnGH6UaQCbE5368,1757863693,786882759,bdGgWuncfU7g0I9f-KXbIQ==,0,1757867990
47675629,object_name,2025/09/14/47675629/786882759_232813.Dd_GaPDY_S2qTTXqpIquOfnGH6UaQCbE5368,1757863693,786882759,k6jQT5m_Jf2HgMt8cpJa0g==,0,1757867986
47675629,object_name,2025/09/14/47675629/786882759_182700.dJjGaPAg_S2qTTXqpIquOfnGH6UaQCbE5368,1757845620,786882759,_PepEI8S9VXxHEICTOyo4Q==,0,1757942985
47675629,object_name,2025/09/13/47675629/786882759_214311.73TFaPDa_S2qTTXqpIquOfnGH6UaQCbE5368,1757770991,786882759,gAFfFIxfVeYHwYX5ZFGofA==,0,1757773837
47675629,object_name,2025/09/13/47675629/786882759_214311.73TFaPDY_S2qTTXqpIquOfnGH6UaQCbE5368,1757770991,786882759,XNNXUqmZ2Bw7eGzFHkbjsg==,0,1757772015
47675629,object_name,2025/09/13/47675629/786882759_210330.omvFaPDa_S2qTTXqpIquOfnGH6UaQCbE5368,1757768610,786882759,VNfhGeWgca_v6oB7SixCUQ==,0,1757770931
47675629,object_name,2025/09/13/47675629/786882759_210330.omvFaPDY_S2qTTXqpIquOfnGH6UaQCbE5368,1757768610,786882759,5FBXTNMBUr7BKjJiIrEonw==,0,1757770928
47675629,object_name,2025/09/13/47675629/786882759_065500.xKTEaPAg_S2qTTXqpIquOfnGH6UaQCbE5368,1757717700,786882759,Yvx-lYIMsiMfPi3aL3VjLQ==,0,1757764806
47675629,object_name,2025/09/12/47675629/786882759_163200.gNrDaPAg_S2qTTXqpIquOfnGH6UaQCbE5368,1757665920,786882759,EvnZjF30U-pJXeJZiL09Ig==,0,1757768415
47675629,object_name,2025/09/12/47675629/786882759_101300.rIHDaPAg_S2qTTXqpIquOfnGH6UaQCbE5368,1757643180,786882759,ayGoZGLG2MmhNGTfmvrYHQ==,0,1757766830
47675629,object_name,2025/09/11/47675629/786882759_184700.pKjCaPAg_S2qTTXqpIquOfnGH6UaQCbE5368,1757587620,786882759,26OPjonWxyGAqhsEsrOoNw==,0,1757651906
47675629,object_name,2025/09/11/47675629/786882759_022500.fMLBaPAg_S2qTTXqpIquOfnGH6UaQCbE5368,1757528700,786882759,wj-cjIG1GzJDqzByDFiMFg==,0,1757568662
47675629,object_name,2025/09/10/47675629/786882759_213600.wH7BaPDa_S2qTTXqpIquOfnGH6UaQCbE5368,1757511360,786882759,7hiauhxEHDxK6Ic1kVme1A==,0,1757516435
47675629,object_name,2025/09/10/47675629/786882759_213600.wH7BaPDY_S2qTTXqpIquOfnGH6UaQCbE5368,1757511360,786882759,A4j1VtBmzVYkxUNrVwJQOA==,0,1757516429
47675629,object_name,2025/09/10/47675629/786882759_185100.FFjBaPAg_S2qTTXqpIquOfnGH6UaQCbE5368,1757501460,786882759,y23CDxXdAUCZIcqQdmlHlA==,0,1757572273
47675629,object_name,2025/09/10/47675629/786882759_041500.xIrAaPAg_S2qTTXqpIquOfnGH6UaQCbE5368,1757448900,786882759,lKoBygIeXraSggu6Q0jM6A==,0,1757505613
47675629,object_name,2025/09/09/47675629/786882759_185500.hAfAaPAg_S2qTTXqpIquOfnGH6UaQCbE5368,1757415300,786882759,B-nVjuXQm9yt9c05RiXfcA==,0,1757511266
47675629,object_name,2025/09/08/47675629/786882759_191900.pLu-aPAg_S2qTTXqpIquOfnGH6UaQCbE5368,1757330340,786882759,I5v-0uevTByV58cHNxDFkA==,0,1757424656
47675629,object_name,2025/09/08/47675629/786882759_022700.dM69aPAg_S2qTTXqpIquOfnGH6UaQCbE5368,1757269620,786882759,x0julHidkt5h_92pnwJxeg==,0,1757307580
47675629,object_name,2025/09/07/47675629/786882759_010110.1mi8aPDa_S2qTTXqpIquOfnGH6UaQCbE5368,1757178070,786882759,W2umtivL7oGMysPaskxtRQ==,0,1757180163
47675629,object_name,2025/09/07/47675629/786882759_010110.1mi8aPDY_S2qTTXqpIquOfnGH6UaQCbE5368,1757178070,786882759,Mz5PrFrAppnRS7p5_KVEnA==,0,1757180435
47675629,object_name,2025/09/06/47675629/786882759_234514.Cle8aPDa_S2qTTXqpIquOfnGH6UaQCbE5368,1757173514,786882759,odAAPTyLIizrmCWwnwZZLw==,0,1757178222
47675629,object_name,2025/09/06/47675629/786882759_234514.Cle8aPDY_S2qTTXqpIquOfnGH6UaQCbE5368,1757173514,786882759,EvYVQ8AMQAAazylhi--ICw==,0,1757178218
47675629,object_name,2025/09/06/47675629/786882759_202300.pCe8aPAg_S2qTTXqpIquOfnGH6UaQCbE5368,1757161380,786882759,gQEBKh8Z7heEELgLm9nobA==,0,1757237567
47675629,object_name,2025/09/04/47675629/786882759_145000.mDa5aAwg_S2qTTXqpIquOfnGH6UaQCbE5368,1756968600,786882759,fEXX5T4G0L8GDUH8lCFixQ==,0,1757104727
47675629,object_name,2025/09/04/47675629/786882759_072900.PM-4aAwg_S2qTTXqpIquOfnGH6UaQCbE5368,1756942140,786882759,A4YRnNCDaCXXDQdo7SQaYg==,0,1757101133
47675629,object_name,2025/09/03/47675629/786882759_154700.dPK3aAwg_S2qTTXqpIquOfnGH6UaQCbE5368,1756885620,786882759,FoEAxXH3leOER0RxKM5g1g==,0,1757108321
47675629,object_name,2025/09/03/47675629/786882759_074500.fIG3aAwg_S2qTTXqpIquOfnGH6UaQCbE5368,1756856700,786882759,krl2JjQ4JdVF2Fx1Jprxcw==,0,1757109620
47675629,object_name,2025/09/01/47675629/786882759_181231.j3G1aCCM_S2qTTXqpIquOfnGH6UaQCbE5368,1756721551,786882759,km_h_tuhK_nh9uIqUAH-RQ==,0,1756726275
47675629,object_name,2025/09/01/47675629/786882759_161118.JlW1aCDa_S2qTTXqpIquOfnGH6UaQCbE5368,1756714278,786882759,3C1XweoT6s8MJam6yUTcew==,0,1756716866
47675629,object_name,2025/09/01/47675629/786882759_161118.JlW1aCDY_S2qTTXqpIquOfnGH6UaQCbE5368,1756714278,786882759,19XUoYTq0nqkZ_qKfMAqSw==,0,1756716865
47675629,object_name,2025/09/01/47675629/786882759_073300.rNu0aCAg_S2qTTXqpIquOfnGH6UaQCbE5368,1756683180,786882759,uEa2MjR-K7jRag-cH9mkrw==,0,1756688015
47675629,object_name,2025/09/01/47675629/786882759_073300.rNu0aAwg_S2qTTXqpIquOfnGH6UaQCbE5368,1756683180,786882759,VlE92eEWCi6g1q7h_tPjoQ==,0,1757108394
47675629,object_name,2025/08/31/47675629/786882759_185500.BCq0aCCM_S2qTTXqpIquOfnGH6UaQCbE5368,1756637700,786882759,qHO0HNco5ykI2ZoaBpClRw==,0,1756643560
47675629,object_name,2025/08/31/47675629/786882759_065200.kICzaCAg_S2qTTXqpIquOfnGH6UaQCbE5368,1756594320,786882759,QoN1nsnKGxbN5KF7C1a-9g==,0,1756656278
47675629,object_name,2025/08/30/47675629/786882759_170449.sb6yaCCM_S2qTTXqpIquOfnGH6UaQCbE5368,1756544689,786882759,5yaD7JDktsKqQb1P4Gsyjg==,0,1756548461
47675629,object_name,2025/08/30/47675629/786882759_160900.nLGyaCAg_S2qTTXqpIquOfnGH6UaQCbE5368,1756541340,786882759,cCcxtuZda8qE9hNZX_SePw==,0,1756589742
47675629,object_name,2025/08/30/47675629/786882759_072800.gDeyaCAg_S2qTTXqpIquOfnGH6UaQCbE5368,1756510080,786882759,Zo0buD2Hte4rWHdnMzS5MA==,0,1756570242
47675629,object_name,2025/08/29/47675629/786882759_182014.3n6xaCCM_S2qTTXqpIquOfnGH6UaQCbE5368,1756462814,786882759,OyA8-OJNGCrJk6cEWDmT1g==,0,1756470983
47675629,object_name,2025/08/29/47675629/786882759_171300.HG-xaCAg_S2qTTXqpIquOfnGH6UaQCbE5368,1756458780,786882759,vvSg5WSrcC1Y8oNceQLuag==,0,1756484163
47675629,object_name,2025/08/29/47675629/786882759_081600.QPGwaCAg_S2qTTXqpIquOfnGH6UaQCbE5368,1756426560,786882759,A2CuVcfnEHzFB8silNsqxQ==,0,1756484158
47675629,object_name,2025/08/29/47675629/786882759_061600.INWwaCAg_S2qTTXqpIquOfnGH6UaQCbE5368,1756419360,786882759,-4-5BFTFL2IcE2QeEt7QNQ==,0,1756484136
47675629,object_name,2025/08/28/47675629/786882759_072800.gJSvaCAg_S2qTTXqpIquOfnGH6UaQCbE5368,1756337280,786882759,Toh-l30rZKOyW6AFPGOBPQ==,0,1756427915
47675629,object_name,2025/08/27/47675629/786882759_173854.LtKuaCCO_S2qTTXqpIquOfnGH6UaQCbE5368,1756287534,786882759,M5B4FgzfSWqtRrm2-TvH8w==,0,1756287624
47675629,object_name,2025/08/27/47675629/786882759_173853.LdKuaCCM_S2qTTXqpIquOfnGH6UaQCbE5368,1756287533,786882759,qxmMxMui9xc4AZ7Z1D4Tyg==,0,1756290282
47675629,object_name,2025/08/27/47675629/786882759_152100.3LGuaCAg_S2qTTXqpIquOfnGH6UaQCbE5368,1756279260,786882759,mbibKAVNFraZVKO1p4jWdg==,0,1756313689
47675629,object_name,2025/08/27/47675629/786882759_080400.cEuuaCAg_S2qTTXqpIquOfnGH6UaQCbE5368,1756253040,786882759,mE2LfH0lfFFV-9gdQK9Slw==,0,1756311227
47675629,object_name,2025/08/26/47675629/786882759_233500.JNStaCAg_S2qTTXqpIquOfnGH6UaQCbE5368,1756222500,786882759,PdA6TI1KjapoXUEJ0vxzIQ==,0,1756316024
47675629,object_name,2025/08/26/47675629/786882759_164641.cXStaCCM_S2qTTXqpIquOfnGH6UaQCbE5368,1756198001,786882759,jVerPCvxmW3VNqDo7ZRzFA==,0,1756202415
47675629,object_name,2025/08/09/47675629/838001562_071100.BISWaCAg_5YNzR0xrWuf_4lrkDO7qDW3kQx4,1754694660,838001562,iyZHd3ymq1szNujYxAJSDQ==,0,1754698324
